serum,virus,replicate,concentration,fraction infectivity
Nirsevimab IgG,WT,1,6.667,0.000187
Nirsevimab IgG,WT,1,1.905,0.000133
Nirsevimab IgG,WT,1,0.5442,0.001209
Nirsevimab IgG,WT,1,0.1555,0.000787
Nirsevimab IgG,WT,1,0.04443,0.140917
Nirsevimab IgG,WT,1,0.01269,0.430964
Nirsevimab IgG,WT,1,0.003627,0.997551
Nirsevimab IgG,WT,1,0.001036,1.134452
Nirsevimab IgG,WT,1,0.0002961,1.023106
Nirsevimab IgG,WT,2,6.667,0.0000888
Nirsevimab IgG,WT,2,1.905,0.000238
Nirsevimab IgG,WT,2,0.5442,0.000202
Nirsevimab IgG,WT,2,0.1555,0.017222
Nirsevimab IgG,WT,2,0.04443,0.123576
Nirsevimab IgG,WT,2,0.01269,0.547695
Nirsevimab IgG,WT,2,0.003627,0.651648
Nirsevimab IgG,WT,2,0.001036,0.858095
Nirsevimab IgG,WT,2,0.0002961,1.004852
Nirsevimab Fab,WT,1,500,0.000209641
Nirsevimab Fab,WT,1,100,0.000147397
Nirsevimab Fab,WT,1,20,0.000136901
Nirsevimab Fab,WT,1,4,0.000240672
Nirsevimab Fab,WT,1,0.8,0.000477145
Nirsevimab Fab,WT,1,0.16,0.034927975
Nirsevimab Fab,WT,1,0.032,0.522870051
Nirsevimab Fab,WT,1,0.0064,0.813099892
Nirsevimab Fab,WT,1,0.00128,0.941877976
Nirsevimab Fab,WT,2,500,0.000152416
Nirsevimab Fab,WT,2,100,0.000108425
Nirsevimab Fab,WT,2,20,9.16323E-05
Nirsevimab Fab,WT,2,4,0.000244505
Nirsevimab Fab,WT,2,0.8,0.000437444
Nirsevimab Fab,WT,2,0.16,0.019512937
Nirsevimab Fab,WT,2,0.032,0.388433398
Nirsevimab Fab,WT,2,0.0064,0.802786693
Nirsevimab Fab,WT,2,0.00128,1.01762979
Nirsevimab IgG,N67T,1,6.667,1.76963E-05
Nirsevimab IgG,N67T,1,1.905,2.89881E-05
Nirsevimab IgG,N67T,1,0.5442,3.92559E-05
Nirsevimab IgG,N67T,1,0.1555,0.000780512
Nirsevimab IgG,N67T,1,0.04443,0.020066826
Nirsevimab IgG,N67T,1,0.01269,0.259321804
Nirsevimab IgG,N67T,1,0.003627,0.669706958
Nirsevimab IgG,N67T,1,0.001036,0.930870998
Nirsevimab IgG,N67T,1,0.0002961,0.992098253
Nirsevimab IgG,N67T,2,6.667,9.41708E-06
Nirsevimab IgG,N67T,2,1.905,8.57994E-05
Nirsevimab IgG,N67T,2,0.5442,4.91714E-05
Nirsevimab IgG,N67T,2,0.1555,0.000230252
Nirsevimab IgG,N67T,2,0.04443,0.032022396
Nirsevimab IgG,N67T,2,0.01269,0.330247889
Nirsevimab IgG,N67T,2,0.003627,0.761276922
Nirsevimab IgG,N67T,2,0.001036,1.147062808
Nirsevimab IgG,N67T,2,0.0002961,0.973675893
Nirsevimab Fab,N67T,1,500,1.56428E-05
Nirsevimab Fab,N67T,1,100,2.4919E-05
Nirsevimab Fab,N67T,1,20,5.45356E-05
Nirsevimab Fab,N67T,1,4,0.000171951
Nirsevimab Fab,N67T,1,0.8,0.001380322
Nirsevimab Fab,N67T,1,0.16,0.198311284
Nirsevimab Fab,N67T,1,0.032,0.744750982
Nirsevimab Fab,N67T,1,0.0064,0.897548201
Nirsevimab Fab,N67T,1,0.00128,0.931141915
Nirsevimab Fab,N67T,2,500,1.56265E-05
Nirsevimab Fab,N67T,2,100,2.99905E-05
Nirsevimab Fab,N67T,2,20,5.21244E-05
Nirsevimab Fab,N67T,2,4,0.000177153
Nirsevimab Fab,N67T,2,0.8,0.001258139
Nirsevimab Fab,N67T,2,0.16,0.185036348
Nirsevimab Fab,N67T,2,0.032,0.876958505
Nirsevimab Fab,N67T,2,0.0064,0.984512575
Nirsevimab Fab,N67T,2,0.00128,1.186887615
Nirsevimab IgG,K68Q,1,6.667,2.58138E-05
Nirsevimab IgG,K68Q,1,1.905,5.94117E-05
Nirsevimab IgG,K68Q,1,0.5442,0.000110339
Nirsevimab IgG,K68Q,1,0.1555,0.018327775
Nirsevimab IgG,K68Q,1,0.04443,0.107997599
Nirsevimab IgG,K68Q,1,0.01269,0.312166489
Nirsevimab IgG,K68Q,1,0.003627,0.712780149
Nirsevimab IgG,K68Q,1,0.001036,0.786419424
Nirsevimab IgG,K68Q,1,0.0002961,1.061766275
Nirsevimab IgG,K68Q,2,6.667,2.26321E-05
Nirsevimab IgG,K68Q,2,1.905,5.69504E-05
Nirsevimab IgG,K68Q,2,0.5442,0.000255136
Nirsevimab IgG,K68Q,2,0.1555,0.00680563
Nirsevimab IgG,K68Q,2,0.04443,0.171151281
Nirsevimab IgG,K68Q,2,0.01269,0.375
Nirsevimab IgG,K68Q,2,0.003627,0.700373533
Nirsevimab IgG,K68Q,2,0.001036,0.969316969
Nirsevimab IgG,K68Q,2,0.0002961,0.938300427
Nirsevimab Fab,K68Q,1,500,1.54963E-05
Nirsevimab Fab,K68Q,1,100,3.44384E-05
Nirsevimab Fab,K68Q,1,20,6.07524E-05
Nirsevimab Fab,K68Q,1,4,0.00018788
Nirsevimab Fab,K68Q,1,0.8,0.002165155
Nirsevimab Fab,K68Q,1,0.16,0.229722519
Nirsevimab Fab,K68Q,1,0.032,0.680162753
Nirsevimab Fab,K68Q,1,0.0064,0.920891142
Nirsevimab Fab,K68Q,1,0.00128,1.009138207
Nirsevimab Fab,K68Q,2,500,3.3658E-05
Nirsevimab Fab,K68Q,2,100,4.18623E-05
Nirsevimab Fab,K68Q,2,20,0.000135272
Nirsevimab Fab,K68Q,2,4,0.000181977
Nirsevimab Fab,K68Q,2,0.8,0.000831844
Nirsevimab Fab,K68Q,2,0.16,0.193963447
Nirsevimab Fab,K68Q,2,0.032,0.570904482
Nirsevimab Fab,K68Q,2,0.0064,0.747998933
Nirsevimab Fab,K68Q,2,0.00128,0.914687834
Nirsevimab IgG,K201S,1,6.667,0.000207994
Nirsevimab IgG,K201S,1,1.905,0.00032874
Nirsevimab IgG,K201S,1,0.5442,0.002453493
Nirsevimab IgG,K201S,1,0.1555,0.05911916
Nirsevimab IgG,K201S,1,0.04443,0.428782683
Nirsevimab IgG,K201S,1,0.01269,0.799828547
Nirsevimab IgG,K201S,1,0.003627,0.967638234
Nirsevimab IgG,K201S,1,0.001036,0.951564509
Nirsevimab IgG,K201S,1,0.0002961,1.120660094
Nirsevimab IgG,K201S,2,6.667,0.000456622
Nirsevimab IgG,K201S,2,1.905,0.000739391
Nirsevimab IgG,K201S,2,0.5442,0.002245821
Nirsevimab IgG,K201S,2,0.1555,0.057691813
Nirsevimab IgG,K201S,2,0.04443,0.404543506
Nirsevimab IgG,K201S,2,0.01269,0.737462495
Nirsevimab IgG,K201S,2,0.003627,0.910415774
Nirsevimab IgG,K201S,2,0.001036,0.988855551
Nirsevimab IgG,K201S,2,0.0002961,1.091084441
Nirsevimab Fab,K201S,1,500,0.000257308
Nirsevimab Fab,K201S,1,100,0.000197707
Nirsevimab Fab,K201S,1,20,0.000685384
Nirsevimab Fab,K201S,1,4,0.035651522
Nirsevimab Fab,K201S,1,0.8,0.476618088
Nirsevimab Fab,K201S,1,0.16,0.774753536
Nirsevimab Fab,K201S,1,0.032,0.916845264
Nirsevimab Fab,K201S,1,0.0064,0.884697814
Nirsevimab Fab,K201S,1,0.00128,0.939991427
Nirsevimab Fab,K201S,2,500,0.00054072
Nirsevimab Fab,K201S,2,100,0.000316524
Nirsevimab Fab,K201S,2,20,0.000752893
Nirsevimab Fab,K201S,2,4,0.027370339
Nirsevimab Fab,K201S,2,0.8,0.543549078
Nirsevimab Fab,K201S,2,0.16,0.930990141
Nirsevimab Fab,K201S,2,0.032,1.121945992
Nirsevimab Fab,K201S,2,0.0064,1.150235748
Nirsevimab Fab,K201S,2,0.00128,1.217102443
Nirsevimab IgG,K209Q,1,6.667,5.84607E-05
Nirsevimab IgG,K209Q,1,1.905,0.000187916
Nirsevimab IgG,K209Q,1,0.5442,0.00364579
Nirsevimab IgG,K209Q,1,0.1555,0.076964129
Nirsevimab IgG,K209Q,1,0.04443,0.283840964
Nirsevimab IgG,K209Q,1,0.01269,0.623032059
Nirsevimab IgG,K209Q,1,0.003627,0.828193497
Nirsevimab IgG,K209Q,1,0.001036,0.969999619
Nirsevimab IgG,K209Q,1,0.0002961,0.973201693
Nirsevimab IgG,K209Q,2,6.667,1.31559E-05
Nirsevimab IgG,K209Q,2,1.905,5.98559E-05
Nirsevimab IgG,K209Q,2,0.5442,0.003316433
Nirsevimab IgG,K209Q,2,0.1555,0.101139786
Nirsevimab IgG,K209Q,2,0.04443,0.361834331
Nirsevimab IgG,K209Q,2,0.01269,0.703541341
Nirsevimab IgG,K209Q,2,0.003627,0.90824534
Nirsevimab IgG,K209Q,2,0.001036,1.051652499
Nirsevimab IgG,K209Q,2,0.0002961,1.037014447
Nirsevimab Fab,K209Q,1,500,2.31922E-05
Nirsevimab Fab,K209Q,1,100,4.43258E-05
Nirsevimab Fab,K209Q,1,20,0.000126207
Nirsevimab Fab,K209Q,1,4,0.00093958
Nirsevimab Fab,K209Q,1,0.8,0.129340906
Nirsevimab Fab,K209Q,1,0.16,0.728243053
Nirsevimab Fab,K209Q,1,0.032,0.866160942
Nirsevimab Fab,K209Q,1,0.0064,1.048221705
Nirsevimab Fab,K209Q,1,0.00128,0.916936683
Nirsevimab Fab,K209Q,2,500,2.06031E-05
Nirsevimab Fab,K209Q,2,100,0.000404605
Nirsevimab Fab,K209Q,2,20,0.000110998
Nirsevimab Fab,K209Q,2,4,0.00076621
Nirsevimab Fab,K209Q,2,0.8,0.122044753
Nirsevimab Fab,K209Q,2,0.16,0.641100903
Nirsevimab Fab,K209Q,2,0.032,0.712232684
Nirsevimab Fab,K209Q,2,0.0064,0.712461404
Nirsevimab Fab,K209Q,2,0.00128,0.844661304
Nirsevimab IgG,K68Q_K201S,1,6.667,2.57207E-05
Nirsevimab IgG,K68Q_K201S,1,1.905,0.000180253
Nirsevimab IgG,K68Q_K201S,1,0.5442,0.001219548
Nirsevimab IgG,K68Q_K201S,1,0.1555,0.060034731
Nirsevimab IgG,K68Q_K201S,1,0.04443,0.271992062
Nirsevimab IgG,K68Q_K201S,1,0.01269,0.582485736
Nirsevimab IgG,K68Q_K201S,1,0.003627,0.848920863
Nirsevimab IgG,K68Q_K201S,1,0.001036,0.936244108
Nirsevimab IgG,K68Q_K201S,1,0.0002961,0.944182585
Nirsevimab IgG,K68Q_K201S,2,6.667,2.62119E-05
Nirsevimab IgG,K68Q_K201S,2,1.905,6.93128E-05
Nirsevimab IgG,K68Q_K201S,2,0.5442,0.003105929
Nirsevimab IgG,K68Q_K201S,2,0.1555,0.079136691
Nirsevimab IgG,K68Q_K201S,2,0.04443,0.328504093
Nirsevimab IgG,K68Q_K201S,2,0.01269,0.762589928
Nirsevimab IgG,K68Q_K201S,2,0.003627,0.998263458
Nirsevimab IgG,K68Q_K201S,2,0.001036,1.161002233
Nirsevimab IgG,K68Q_K201S,2,0.0002961,1.183329199
Nirsevimab Fab,K68Q_K201S,1,500,0.003313818
Nirsevimab Fab,K68Q_K201S,1,100,0.103249814
Nirsevimab Fab,K68Q_K201S,1,20,0.364177623
Nirsevimab Fab,K68Q_K201S,1,4,0.724882163
Nirsevimab Fab,K68Q_K201S,1,0.8,1.004713471
Nirsevimab Fab,K68Q_K201S,1,0.16,1.087571322
Nirsevimab Fab,K68Q_K201S,1,0.032,1.018605805
Nirsevimab Fab,K68Q_K201S,1,0.0064,1.075167452
Nirsevimab Fab,K68Q_K201S,1,0.00128,1.038948152
Nirsevimab Fab,K68Q_K201S,2,500,0.002251054
Nirsevimab Fab,K68Q_K201S,2,100,0.069660134
Nirsevimab Fab,K68Q_K201S,2,20,0.324634086
Nirsevimab Fab,K68Q_K201S,2,4,0.691639792
Nirsevimab Fab,K68Q_K201S,2,0.8,0.904490201
Nirsevimab Fab,K68Q_K201S,2,0.16,0.942694121
Nirsevimab Fab,K68Q_K201S,2,0.032,1.018605805
Nirsevimab Fab,K68Q_K201S,2,0.0064,0.98189035
Nirsevimab Fab,K68Q_K201S,2,0.00128,0.963532622
Nirsevimab IgG,K201S_K209Q,1,6.667,0.000108542
Nirsevimab IgG,K201S_K209Q,1,1.905,0.017236553
Nirsevimab IgG,K201S_K209Q,1,0.5442,0.105858971
Nirsevimab IgG,K201S_K209Q,1,0.1555,0.381350669
Nirsevimab IgG,K201S_K209Q,1,0.04443,0.58432363
Nirsevimab IgG,K201S_K209Q,1,0.01269,0.908533808
Nirsevimab IgG,K201S_K209Q,1,0.003627,0.911266614
Nirsevimab IgG,K201S_K209Q,1,0.001036,0.812388721
Nirsevimab IgG,K201S_K209Q,1,0.0002961,0.878224504
Nirsevimab IgG,K201S_K209Q,2,6.667,7.19722E-05
Nirsevimab IgG,K201S_K209Q,2,1.905,0.010682787
Nirsevimab IgG,K201S_K209Q,2,0.5442,0.087723076
Nirsevimab IgG,K201S_K209Q,2,0.1555,0.31998675
Nirsevimab IgG,K201S_K209Q,2,0.04443,0.724938926
Nirsevimab IgG,K201S_K209Q,2,0.01269,0.927663451
Nirsevimab IgG,K201S_K209Q,2,0.003627,1.092874001
Nirsevimab IgG,K201S_K209Q,2,0.001036,1.120202062
Nirsevimab IgG,K201S_K209Q,2,0.0002961,1.165666018
Nirsevimab Fab,K201S_K209Q,1,500,0.027750404
Nirsevimab Fab,K201S_K209Q,1,100,0.208910604
Nirsevimab Fab,K201S_K209Q,1,20,0.621837605
Nirsevimab Fab,K201S_K209Q,1,4,0.856610492
Nirsevimab Fab,K201S_K209Q,1,0.8,0.956233696
Nirsevimab Fab,K201S_K209Q,1,0.16,1.102563041
Nirsevimab Fab,K201S_K209Q,1,0.032,0.952010269
Nirsevimab Fab,K201S_K209Q,1,0.0064,0.955239949
Nirsevimab Fab,K201S_K209Q,1,0.00128,0.892385408
Nirsevimab Fab,K201S_K209Q,2,500,0.020192953
Nirsevimab Fab,K201S_K209Q,2,100,0.288435261
Nirsevimab Fab,K201S_K209Q,2,20,0.569417415
Nirsevimab Fab,K201S_K209Q,2,4,0.796737195
Nirsevimab Fab,K201S_K209Q,2,0.8,0.898347894
Nirsevimab Fab,K201S_K209Q,2,0.16,1.022317916
Nirsevimab Fab,K201S_K209Q,2,0.032,1.080452155
Nirsevimab Fab,K201S_K209Q,2,0.0064,0.810898099
Nirsevimab Fab,K201S_K209Q,2,0.00128,0.94629622
Nirsevimab IgG,N67T_K201S_K209Q,1,6.667,0.362966154
Nirsevimab IgG,N67T_K201S_K209Q,1,1.905,0.731485471
Nirsevimab IgG,N67T_K201S_K209Q,1,0.5442,0.868686869
Nirsevimab IgG,N67T_K201S_K209Q,1,0.1555,1.018717986
Nirsevimab IgG,N67T_K201S_K209Q,1,0.04443,1.062760304
Nirsevimab IgG,N67T_K201S_K209Q,1,0.01269,1.03786682
Nirsevimab IgG,N67T_K201S_K209Q,1,0.003627,1.012973335
Nirsevimab IgG,N67T_K201S_K209Q,1,0.001036,0.968931016
Nirsevimab IgG,N67T_K201S_K209Q,1,0.0002961,0.914931304
Nirsevimab IgG,N67T_K201S_K209Q,2,6.667,0.453252908
Nirsevimab IgG,N67T_K201S_K209Q,2,1.905,0.783187323
Nirsevimab IgG,N67T_K201S_K209Q,2,0.5442,0.920675954
Nirsevimab IgG,N67T_K201S_K209Q,2,0.1555,1.030207286
Nirsevimab IgG,N67T_K201S_K209Q,2,0.04443,1.006271243
Nirsevimab IgG,N67T_K201S_K209Q,2,0.01269,1.058930538
Nirsevimab IgG,N67T_K201S_K209Q,2,0.003627,1.045526354
Nirsevimab IgG,N67T_K201S_K209Q,2,0.001036,1.079994255
Nirsevimab IgG,N67T_K201S_K209Q,2,0.0002961,0.996696826
Nirsevimab Fab,N67T_K201S_K209Q,1,500,0.868112404
Nirsevimab Fab,N67T_K201S_K209Q,1,100,0.865240079
Nirsevimab Fab,N67T_K201S_K209Q,1,20,0.909186653
Nirsevimab Fab,N67T_K201S_K209Q,1,4,0.945760927
Nirsevimab Fab,N67T_K201S_K209Q,1,0.8,0.868878357
Nirsevimab Fab,N67T_K201S_K209Q,1,0.16,1.029249844
Nirsevimab Fab,N67T_K201S_K209Q,1,0.032,0.861027335
Nirsevimab Fab,N67T_K201S_K209Q,1,0.0064,0.940590742
Nirsevimab Fab,N67T_K201S_K209Q,1,0.00128,0.908324956
Nirsevimab Fab,N67T_K201S_K209Q,2,500,1.057015654
Nirsevimab Fab,N67T_K201S_K209Q,2,100,1.174780985
Nirsevimab Fab,N67T_K201S_K209Q,2,20,1.131696108
Nirsevimab Fab,N67T_K201S_K209Q,2,4,1.120206807
Nirsevimab Fab,N67T_K201S_K209Q,2,0.8,1.057973096
Nirsevimab Fab,N67T_K201S_K209Q,2,0.16,1.124994016
Nirsevimab Fab,N67T_K201S_K209Q,2,0.032,1.061802863
Nirsevimab Fab,N67T_K201S_K209Q,2,0.0064,1.139355642
Nirsevimab Fab,N67T_K201S_K209Q,2,0.00128,1.142227967
Nirsevimab IgG,K68Q_K201S_K209Q,1,6.667,0.904569442
Nirsevimab IgG,K68Q_K201S_K209Q,1,1.905,1.118268942
Nirsevimab IgG,K68Q_K201S_K209Q,1,0.5442,1.187101784
Nirsevimab IgG,K68Q_K201S_K209Q,1,0.1555,1.255934626
Nirsevimab IgG,K68Q_K201S_K209Q,1,0.04443,1.219929755
Nirsevimab IgG,K68Q_K201S_K209Q,1,0.01269,1.307824
Nirsevimab IgG,K68Q_K201S_K209Q,1,0.003627,1.199809386
Nirsevimab IgG,K68Q_K201S_K209Q,1,0.001036,1.217811822
Nirsevimab IgG,K68Q_K201S_K209Q,1,0.0002961,1.232637357
Nirsevimab IgG,K68Q_K201S_K209Q,2,6.667,0.737888067
Nirsevimab IgG,K68Q_K201S_K209Q,2,1.905,1.067438536
Nirsevimab IgG,K68Q_K201S_K209Q,2,0.5442,1.171217282
Nirsevimab IgG,K68Q_K201S_K209Q,2,0.1555,1.154273814
Nirsevimab IgG,K68Q_K201S_K209Q,2,0.04443,1.202986286
Nirsevimab IgG,K68Q_K201S_K209Q,2,0.01269,1.285585697
Nirsevimab IgG,K68Q_K201S_K209Q,2,0.003627,1.165922448
Nirsevimab IgG,K68Q_K201S_K209Q,2,0.001036,1.108738241
Nirsevimab IgG,K68Q_K201S_K209Q,2,0.0002961,1.153214847
Nirsevimab Fab,K68Q_K201S_K209Q,1,500,1.007183325
Nirsevimab Fab,K68Q_K201S_K209Q,1,100,0.936444342
Nirsevimab Fab,K68Q_K201S_K209Q,1,20,0.878095272
Nirsevimab Fab,K68Q_K201S_K209Q,1,4,1.012054572
Nirsevimab Fab,K68Q_K201S_K209Q,1,0.8,0.927654918
Nirsevimab Fab,K68Q_K201S_K209Q,1,0.16,1.049012513
Nirsevimab Fab,K68Q_K201S_K209Q,1,0.032,0.944598387
Nirsevimab Fab,K68Q_K201S_K209Q,1,0.0064,0.998288004
Nirsevimab Fab,K68Q_K201S_K209Q,1,0.00128,0.853633139
Nirsevimab Fab,K68Q_K201S_K209Q,2,500,0.957305988
Nirsevimab Fab,K68Q_K201S_K209Q,2,100,0.904781235
Nirsevimab Fab,K68Q_K201S_K209Q,2,20,0.969272313
Nirsevimab Fab,K68Q_K201S_K209Q,2,4,0.924901604
Nirsevimab Fab,K68Q_K201S_K209Q,2,0.8,0.956352918
Nirsevimab Fab,K68Q_K201S_K209Q,2,0.16,0.925431088
Nirsevimab Fab,K68Q_K201S_K209Q,2,0.032,0.977638151
Nirsevimab Fab,K68Q_K201S_K209Q,2,0.0064,1.019573236
Nirsevimab Fab,K68Q_K201S_K209Q,2,0.00128,0.982615295