,serum,virus,replicate,nreplicates,ic10,ic10_bound,ic10_str,ic50,ic50_bound,ic50_str,ic90,ic90_bound,ic90_str,ic95,ic95_bound,ic95_str,ic97,ic97_bound,ic97_str,ic98,ic98_bound,ic98_str,ic99,ic99_bound,ic99_str,midpoint,midpoint_bound,midpoint_bound_type,slope,top,bottom,r2,rmsd
0,Clesrovimab IgG,RSV A Long,average,2,0.000296064,upper,<0.000296,0.0013959116543246614,interpolated,0.0014,0.006709569724930847,interpolated,0.00671,0.011443745880233945,interpolated,0.0114,0.016732136406408693,interpolated,0.0167,0.022519409167336697,interpolated,0.0225,0.03722228160372496,interpolated,0.0372,0.0013959116543246614,0.0013959116543246614,interpolated,1.3995175931897241,1.0,0.0,0.9879484508732705,0.03323138724745441
1,Clesrovimab IgG,RSV B B1,average,2,0.0004471020087500858,interpolated,0.000447,0.00247317363559976,interpolated,0.00247,0.013680519684814678,interpolated,0.0137,0.024475092607257134,interpolated,0.0245,0.03702289296629535,interpolated,0.037,0.05117047659869219,interpolated,0.0512,0.08846964244675784,interpolated,0.0885,0.00247317363559976,0.00247317363559976,interpolated,1.2845730566356979,1.0,0.0,0.9977403879561256,0.016281863384054164
2,Clesrovimab Fab,RSV A Long,average,2,0.005820519029542972,interpolated,0.00582,0.018153319158635516,interpolated,0.0182,0.05661745882156475,interpolated,0.0566,0.08335736501702004,interpolated,0.0834,0.10976785412994781,interpolated,0.11,0.13612578957279123,interpolated,0.136,0.1959118900174599,interpolated,0.196,0.018153319158635516,0.018153319158635516,interpolated,1.9316871713358648,1.0,0.0,0.9982603848701112,0.015601286599051942
3,Clesrovimab Fab,RSV B B1,average,2,0.009991454690143628,interpolated,0.00999,0.036790685881843005,interpolated,0.0368,0.13547122112175483,interpolated,0.135,0.21104004961467066,interpolated,0.211,0.28929812115897613,interpolated,0.289,0.3702160112486185,interpolated,0.37,0.5618992935258892,interpolated,0.562,0.036790685881843005,0.036790685881843005,interpolated,1.6856157345041944,1.0,0.0,0.9998239213296338,0.005363895323316771
4,1B6 IgG,RSV A Long,average,2,0.0005378793768434019,interpolated,0.000538,0.005136681217424019,interpolated,0.00514,0.04905466739454219,interpolated,0.0491,0.10566959708597028,interpolated,0.106,0.18242270312117823,interpolated,0.182,0.2795744325339267,interpolated,0.28,0.5756790624863467,interpolated,0.576,0.005136681217424019,0.005136681217424019,interpolated,0.9737191105834473,1.0,0.0,0.9953140480572094,0.024099950645242584
5,1B6 IgG,RSV B B1,average,2,0.0013709085066851224,interpolated,0.00137,0.008384148596946195,interpolated,0.00838,0.05127544788940487,interpolated,0.0513,0.09492032143227458,interpolated,0.0949,0.1471145585702539,interpolated,0.147,0.20723088963106528,interpolated,0.207,0.36998645812132563,interpolated,0.37,0.008384148596946195,0.008384148596946195,interpolated,1.2133535609838488,1.0,0.0,0.9982294186724253,0.016777216525354476
6,1B6 Fab,RSV A Long,average,2,0.08831086902298586,interpolated,0.0883,0.422655809800825,interpolated,0.423,2.022830660990264,interpolated,2.02,3.445078726380242,interpolated,3.45,5.0318918634294265,interpolated,5.03,6.766813553052815,interpolated,6.77,11.169495383057136,interpolated,11.2,0.422655809800825,0.422655809800825,interpolated,1.4033541801648672,1.0,0.0,0.9862548204500116,0.05134746369884383
7,1B6 Fab,RSV B B1,average,2,0.008044952532348307,interpolated,0.00804,0.034877313148781286,interpolated,0.0349,0.1512037476401466,interpolated,0.151,0.2489975178559943,interpolated,0.249,0.35508624225822616,interpolated,0.355,0.4686621598996216,interpolated,0.469,0.7494808749755135,interpolated,0.749,0.034877313148781286,0.034877313148781286,interpolated,1.4979799792712418,1.0,0.0,0.9992946087971579,0.010544978132852439
8,Nirsevimab IgG,RSV A Long,average,2,0.0011734899824611656,interpolated,0.00117,0.006835395759091416,interpolated,0.00684,0.03981511208592793,interpolated,0.0398,0.07249359610388019,interpolated,0.0725,0.11103874206458449,interpolated,0.111,0.15497750271222965,interpolated,0.155,0.2724112243372493,interpolated,0.272,0.006835395759091416,0.006835395759091416,interpolated,1.2469124700634366,1.0,0.0,0.9889489049011311,0.04299065912350849
9,Nirsevimab IgG,RSV B B1,average,2,0.002151192153146279,interpolated,0.00215,0.016504826548437924,interpolated,0.0165,0.12663178368124967,interpolated,0.127,0.2532113538345175,interpolated,0.253,0.4145806398947067,interpolated,0.415,0.6095941803014657,interpolated,0.61,1.1702928893602846,interpolated,1.17,0.016504826548437924,0.016504826548437924,interpolated,1.0783232708211794,1.0,0.0,0.9907300176789344,0.039556527006404066
10,Nirsevimab Fab,RSV A Long,average,2,0.00128,upper,<0.00128,0.01336340297245124,interpolated,0.0134,0.18765159645688387,interpolated,0.188,0.46085336799201393,interpolated,0.461,0.8733860283636228,interpolated,0.873,1.439807688063304,interpolated,1.44,3.354144479994562,interpolated,3.35,0.01336340297245124,0.01336340297245124,interpolated,0.8316308497555327,1.0,0.0,0.9802585475436966,0.04291764965631956
11,Nirsevimab Fab,RSV B B1,average,2,0.12817841168971822,interpolated,0.128,2.1187671980727956,interpolated,2.12,35.02285900137536,interpolated,35,90.91812401090294,interpolated,90.9,179.23934638485002,interpolated,179,304.7427970007767,interpolated,305,500.0,lower,>500,2.1187671980727956,2.1187671980727956,interpolated,0.7832777610476134,1.0,0.0,0.99728698370148,0.020911053078794206
12,1A2 IgG,RSV A Long,average,2,0.0004948655034777617,interpolated,0.000495,0.002270880914708309,interpolated,0.00227,0.01042081149836743,interpolated,0.0104,0.017495629672210338,interpolated,0.0175,0.02529542872260573,interpolated,0.0253,0.03374730263529357,interpolated,0.0337,0.05495938784404374,interpolated,0.055,0.002270880914708309,0.002270880914708309,interpolated,1.4420918175738078,1.0,0.0,0.9513253091129037,0.09549044419721782
13,1A2 IgG,RSV B B1,average,2,0.0002667354796458328,interpolated,0.000267,0.002311710736097582,interpolated,0.00231,0.020034854510110583,interpolated,0.02,0.04175645021091603,interpolated,0.0418,0.07041328870812995,interpolated,0.0704,0.10594957717329548,interpolated,0.106,0.21149115274195562,interpolated,0.211,0.002311710736097582,0.002311710736097582,interpolated,1.0174758854446715,1.0,0.0,0.9874001617957565,0.04648897244171693
14,1A2 Fab,RSV A Long,average,2,0.00013377896576151924,interpolated,0.000134,0.0010539661926949639,interpolated,0.00105,0.008303582921429983,interpolated,0.0083,0.016754027165271208,interpolated,0.0168,0.027607648259057076,interpolated,0.0276,0.04079795398567181,interpolated,0.0408,0.07899059562370715,interpolated,0.079,0.0010539661926949639,0.0010539661926949639,interpolated,1.064481434776726,1.0,0.0,0.9927962301681014,0.030020204477559834
15,1A2 Fab,RSV B B1,average,2,0.00035181004328482834,interpolated,0.000352,0.002089333762357105,interpolated,0.00209,0.01240816074995079,interpolated,0.0124,0.02274159512338547,interpolated,0.0227,0.03499709972242669,interpolated,0.035,0.04902508811431589,interpolated,0.049,0.08670983122903883,interpolated,0.0867,0.002089333762357105,0.002089333762357105,interpolated,1.2333501569184626,1.0,0.0,0.9808209835423418,0.06021176501362262
16,RSM01 IgG,RSV A Long,average,2,0.00438279851726358,interpolated,0.00438,0.013148395551790745,interpolated,0.0131,0.03944518665537225,interpolated,0.0394,0.05731252747995556,interpolated,0.0573,0.0747649419667534,interpolated,0.0748,0.09203876886253522,interpolated,0.092,0.13082488392140357,interpolated,0.131,0.013148395551790745,0.013148395551790745,interpolated,1.9999999999999998,1.0,0.0,0.9364750022896084,0.1335516648627739
17,RSM01 IgG,RSV B B1,average,2,0.02071553187752849,interpolated,0.0207,0.0621465956325855,interpolated,0.0621,0.18643978689775653,interpolated,0.186,0.27089073004752634,interpolated,0.271,0.3533805016436953,interpolated,0.353,0.43502616942809846,interpolated,0.435,0.6183508191336772,interpolated,0.618,0.0621465956325855,0.0621465956325855,interpolated,1.9999999999999996,1.0,0.0,0.9657609383260238,0.09363701955248577
18,RSM01 Fab,RSV A Long,average,2,0.005025705662547698,interpolated,0.00503,0.030994307240343674,interpolated,0.031,0.1911467057189012,interpolated,0.191,0.3548562907850259,interpolated,0.355,0.5510974098394955,interpolated,0.551,0.7775258659944017,interpolated,0.778,1.3919046882717026,interpolated,1.39,0.030994307240343674,0.030994307240343674,interpolated,1.207772138077694,1.0,0.0,0.9885241947197588,0.04057211785915115
19,RSM01 Fab,RSV B B1,average,2,0.2175987098325375,interpolated,0.218,0.6527961294976128,interpolated,0.653,1.958388388492839,interpolated,1.96,2.8454723592145847,interpolated,2.85,3.7119559223606635,interpolated,3.71,4.569572906483289,interpolated,4.57,6.495239478419511,interpolated,6.5,0.6527961294976128,0.6527961294976128,interpolated,1.9999999999999998,1.0,0.0,0.8768974817840253,0.20477697416009438
