wildtype,sequential_site,reference_site
M,1,1
E,2,2
L,3,3
P,4,4
I,5,5
L,6,6
K,7,7
A,8,8
N,9,9
A,10,10
I,11,11
T,12,12
T,13,13
I,14,14
L,15,15
A,16,16
A,17,17
V,18,18
T,19,19
F,20,20
C,21,21
F,22,22
A,23,23
S,24,24
S,25,25
Q,26,26
N,27,27
I,28,28
T,29,29
E,30,30
E,31,31
F,32,32
Y,33,33
Q,34,34
S,35,35
T,36,36
C,37,37
S,38,38
A,39,39
V,40,40
S,41,41
K,42,42
G,43,43
Y,44,44
L,45,45
S,46,46
A,47,47
L,48,48
R,49,49
T,50,50
G,51,51
W,52,52
Y,53,53
T,54,54
S,55,55
V,56,56
I,57,57
T,58,58
I,59,59
E,60,60
L,61,61
S,62,62
N,63,63
I,64,64
K,65,65
E,66,66
N,67,67
K,68,68
C,69,69
N,70,70
G,71,71
T,72,72
D,73,73
A,74,74
K,75,75
V,76,76
K,77,77
L,78,78
I,79,79
N,80,80
Q,81,81
E,82,82
L,83,83
D,84,84
K,85,85
Y,86,86
K,87,87
N,88,88
A,89,89
V,90,90
T,91,91
E,92,92
L,93,93
Q,94,94
L,95,95
L,96,96
M,97,97
Q,98,98
S,99,99
T,100,100
T,101,101
A,102,102
A,103,103
N,104,104
N,105,105
R,106,106
A,107,107
R,108,108
R,109,109
E,110,110
L,111,111
P,112,112
R,113,113
F,114,114
M,115,115
N,116,116
Y,117,117
T,118,118
L,119,119
N,120,120
N,121,121
T,122,122
K,123,123
K,124,124
T,125,125
N,126,126
V,127,127
T,128,128
L,129,129
S,130,130
K,131,131
K,132,132
R,133,133
K,134,134
R,135,135
R,136,136
F,137,137
L,138,138
G,139,139
F,140,140
L,141,141
L,142,142
G,143,143
V,144,144
G,145,145
S,146,146
A,147,147
I,148,148
A,149,149
S,150,150
G,151,151
I,152,152
A,153,153
V,154,154
S,155,155
K,156,156
V,157,157
L,158,158
H,159,159
L,160,160
E,161,161
G,162,162
E,163,163
V,164,164
N,165,165
K,166,166
I,167,167
K,168,168
S,169,169
A,170,170
L,171,171
L,172,172
S,173,173
T,174,174
N,175,175
K,176,176
A,177,177
V,178,178
V,179,179
S,180,180
L,181,181
S,182,182
N,183,183
G,184,184
V,185,185
S,186,186
V,187,187
L,188,188
T,189,189
S,190,190
K,191,191
V,192,192
L,193,193
D,194,194
L,195,195
K,196,196
N,197,197
Y,198,198
I,199,199
D,200,200
K,201,201
Q,202,202
L,203,203
L,204,204
P,205,205
I,206,206
V,207,207
N,208,208
K,209,209
Q,210,210
S,211,211
C,212,212
R,213,213
I,214,214
S,215,215
N,216,216
I,217,217
E,218,218
T,219,219
V,220,220
I,221,221
E,222,222
F,223,223
Q,224,224
Q,225,225
K,226,226
N,227,227
N,228,228
R,229,229
L,230,230
L,231,231
E,232,232
I,233,233
T,234,234
R,235,235
E,236,236
F,237,237
S,238,238
V,239,239
N,240,240
A,241,241
G,242,242
V,243,243
T,244,244
T,245,245
P,246,246
V,247,247
S,248,248
T,249,249
Y,250,250
M,251,251
L,252,252
T,253,253
N,254,254
S,255,255
E,256,256
L,257,257
L,258,258
S,259,259
L,260,260
I,261,261
N,262,262
D,263,263
M,264,264
P,265,265
I,266,266
T,267,267
N,268,268
D,269,269
Q,270,270
K,271,271
K,272,272
L,273,273
M,274,274
S,275,275
N,276,276
N,277,277
V,278,278
Q,279,279
I,280,280
V,281,281
R,282,282
Q,283,283
Q,284,284
S,285,285
Y,286,286
S,287,287
I,288,288
M,289,289
S,290,290
I,291,291
I,292,292
K,293,293
E,294,294
E,295,295
V,296,296
L,297,297
A,298,298
Y,299,299
V,300,300
V,301,301
Q,302,302
L,303,303
P,304,304
L,305,305
Y,306,306
G,307,307
V,308,308
I,309,309
D,310,310
T,311,311
P,312,312
C,313,313
W,314,314
K,315,315
L,316,316
H,317,317
T,318,318
S,319,319
P,320,320
L,321,321
C,322,322
T,323,323
T,324,324
N,325,325
T,326,326
K,327,327
E,328,328
G,329,329
S,330,330
N,331,331
I,332,332
C,333,333
L,334,334
T,335,335
R,336,336
T,337,337
D,338,338
R,339,339
G,340,340
W,341,341
Y,342,342
C,343,343
D,344,344
N,345,345
A,346,346
G,347,347
S,348,348
V,349,349
S,350,350
F,351,351
F,352,352
P,353,353
Q,354,354
A,355,355
E,356,356
T,357,357
C,358,358
K,359,359
V,360,360
Q,361,361
S,362,362
N,363,363
R,364,364
V,365,365
F,366,366
C,367,367
D,368,368
T,369,369
M,370,370
N,371,371
S,372,372
L,373,373
T,374,374
L,375,375
P,376,376
S,377,377
E,378,378
V,379,379
N,380,380
L,381,381
C,382,382
N,383,383
V,384,384
D,385,385
I,386,386
F,387,387
N,388,388
P,389,389
K,390,390
Y,391,391
D,392,392
C,393,393
K,394,394
I,395,395
M,396,396
T,397,397
S,398,398
K,399,399
T,400,400
D,401,401
V,402,402
S,403,403
S,404,404
S,405,405
V,406,406
I,407,407
T,408,408
S,409,409
L,410,410
G,411,411
A,412,412
I,413,413
V,414,414
S,415,415
C,416,416
Y,417,417
G,418,418
K,419,419
T,420,420
K,421,421
C,422,422
T,423,423
A,424,424
S,425,425
N,426,426
K,427,427
N,428,428
R,429,429
G,430,430
I,431,431
I,432,432
K,433,433
T,434,434
F,435,435
S,436,436
N,437,437
G,438,438
C,439,439
D,440,440
Y,441,441
V,442,442
S,443,443
N,444,444
K,445,445
G,446,446
V,447,447
D,448,448
T,449,449
V,450,450
S,451,451
V,452,452
G,453,453
N,454,454
T,455,455
L,456,456
Y,457,457
Y,458,458
V,459,459
N,460,460
K,461,461
Q,462,462
E,463,463
G,464,464
K,465,465
S,466,466
L,467,467
Y,468,468
V,469,469
K,470,470
G,471,471
E,472,472
P,473,473
I,474,474
I,475,475
N,476,476
F,477,477
Y,478,478
D,479,479
P,480,480
L,481,481
V,482,482
F,483,483
P,484,484
S,485,485
D,486,486
E,487,487
F,488,488
D,489,489
A,490,490
S,491,491
I,492,492
S,493,493
Q,494,494
V,495,495
N,496,496
E,497,497
K,498,498
I,499,499
N,500,500
Q,501,501
S,502,502
L,503,503
A,504,504
F,505,505
I,506,506
R,507,507
K,508,508
S,509,509
D,510,510
E,511,511
L,512,512
L,513,513
H,514,514
H,515,515
V,516,516
N,517,517
A,518,518
G,519,519
K,520,520
S,521,521
T,522,522
T,523,523
N,524,524
I,525,525
M,526,526
I,527,527
T,528,528
T,529,529
I,530,530
I,531,531
I,532,532
V,533,533
I,534,534
I,535,535
V,536,536
I,537,537
L,538,538
L,539,539
S,540,540
L,541,541
I,542,542
A,543,543
V,544,544
G,545,545
L,546,546
L,547,547
L,548,548
Y,549,549
C,550,550
K,551,551
A,552,552
R,553,553
S,554,554
T,555,555
P,556,556
V,557,557
T,558,558
L,559,559
S,560,560
K,561,561
D,562,562
Q,563,563
L,564,564
S,565,565
G,566,566
I,567,567
N,568,568
N,569,569
I,570,570
*,571,571