sequential_site,reference_site,region,protein_site,chains
1,26,F2,26,F
2,27,F2,27,F
3,28,F2,28,F
4,29,F2,29,F
5,30,F2,30,F
6,31,F2,31,F
7,32,F2,32,F
8,33,F2,33,F
9,34,F2,34,F
10,35,F2,35,F
11,36,F2,36,F
12,37,F2,37,F
13,38,F2,38,F
14,39,F2,39,F
15,40,F2,40,F
16,41,F2,41,F
17,42,F2,42,F
18,43,F2,43,F
19,44,F2,44,F
20,45,F2,45,F
21,46,F2,46,F
22,47,F2,47,F
23,48,F2,48,F
24,49,F2,49,F
25,50,F2,50,F
26,51,F2,51,F
27,52,F2,52,F
28,53,F2,53,F
29,54,F2,54,F
30,55,F2,55,F
31,56,F2,56,F
32,57,F2,57,F
33,58,F2,58,F
34,59,F2,59,F
35,60,F2,60,F
36,61,F2,61,F
37,62,F2,62,F
38,63,F2,63,F
39,64,F2,64,F
40,65,F2,65,F
41,66,F2,66,F
42,67,F2,67,F
43,68,F2,68,F
44,69,F2,69,F
45,70,F2,70,F
46,71,F2,71,F
47,72,F2,72,F
48,73,F2,73,F
49,74,F2,74,F
50,75,F2,75,F
51,76,F2,76,F
52,77,F2,77,F
53,78,F2,78,F
54,79,F2,79,F
55,80,F2,80,F
56,81,F2,81,F
57,82,F2,82,F
58,83,F2,83,F
59,84,F2,84,F
60,85,F2,85,F
61,86,F2,86,F
62,87,F2,87,F
63,88,F2,88,F
64,89,F2,89,F
65,90,F2,90,F
66,91,F2,91,F
67,92,F2,92,F
68,93,F2,93,F
69,94,F2,94,F
70,95,F2,95,F
71,96,F2,96,F
72,97,F2,97,F
73,98,F2,98,F
74,99,F2,99,F
75,100,F2,100,F
76,101,F2,101,F
77,102,F2,102,F
78,103,F2,103,F
79,104,F2,104,F
80,105,F2,105,F
81,106,F2,106,F
82,107,F2,107,F
83,108,F2,108,F
84,109,F2,109,F
85,110,p27,110,F
86,111,p27,111,F
87,112,p27,112,F
88,113,p27,113,F
89,114,p27,114,F
90,115,p27,115,F
91,116,p27,116,F
92,117,p27,117,F
93,118,p27,118,F
94,119,p27,119,F
95,120,p27,120,F
96,121,p27,121,F
97,122,p27,122,F
98,123,p27,123,F
99,124,p27,124,F
100,125,p27,125,F
101,126,p27,126,F
102,127,p27,127,F
103,128,p27,128,F
104,129,p27,129,F
105,130,p27,130,F
106,131,p27,131,F
107,132,p27,132,F
108,133,p27,133,F
109,134,p27,134,F
110,135,p27,135,F
111,136,p27,136,F
112,137,F1,137,F
113,138,F1,138,F
114,139,F1,139,F
115,140,F1,140,F
116,141,F1,141,F
117,142,F1,142,F
118,143,F1,143,F
119,144,F1,144,F
120,145,F1,145,F
121,146,F1,146,F
122,147,F1,147,F
123,148,F1,148,F
124,149,F1,149,F
125,150,F1,150,F
126,151,F1,151,F
127,152,F1,152,F
128,153,F1,153,F
129,154,F1,154,F
130,155,F1,155,F
131,156,F1,156,F
132,157,F1,157,F
133,158,F1,158,F
134,159,F1,159,F
135,160,F1,160,F
136,161,F1,161,F
137,162,F1,162,F
138,163,F1,163,F
139,164,F1,164,F
140,165,F1,165,F
141,166,F1,166,F
142,167,F1,167,F
143,168,F1,168,F
144,169,F1,169,F
145,170,F1,170,F
146,171,F1,171,F
147,172,F1,172,F
148,173,F1,173,F
149,174,F1,174,F
150,175,F1,175,F
151,176,F1,176,F
152,177,F1,177,F
153,178,F1,178,F
154,179,F1,179,F
155,180,F1,180,F
156,181,F1,181,F
157,182,F1,182,F
158,183,F1,183,F
159,184,F1,184,F
160,185,F1,185,F
161,186,F1,186,F
162,187,F1,187,F
163,188,F1,188,F
164,189,F1,189,F
165,190,F1,190,F
166,191,F1,191,F
167,192,F1,192,F
168,193,F1,193,F
169,194,F1,194,F
170,195,F1,195,F
171,196,F1,196,F
172,197,F1,197,F
173,198,F1,198,F
174,199,F1,199,F
175,200,F1,200,F
176,201,F1,201,F
177,202,F1,202,F
178,203,F1,203,F
179,204,F1,204,F
180,205,F1,205,F
181,206,F1,206,F
182,207,F1,207,F
183,208,F1,208,F
184,209,F1,209,F
185,210,F1,210,F
186,211,F1,211,F
187,212,F1,212,F
188,213,F1,213,F
189,214,F1,214,F
190,215,F1,215,F
191,216,F1,216,F
192,217,F1,217,F
193,218,F1,218,F
194,219,F1,219,F
195,220,F1,220,F
196,221,F1,221,F
197,222,F1,222,F
198,223,F1,223,F
199,224,F1,224,F
200,225,F1,225,F
201,226,F1,226,F
202,227,F1,227,F
203,228,F1,228,F
204,229,F1,229,F
205,230,F1,230,F
206,231,F1,231,F
207,232,F1,232,F
208,233,F1,233,F
209,234,F1,234,F
210,235,F1,235,F
211,236,F1,236,F
212,237,F1,237,F
213,238,F1,238,F
214,239,F1,239,F
215,240,F1,240,F
216,241,F1,241,F
217,242,F1,242,F
218,243,F1,243,F
219,244,F1,244,F
220,245,F1,245,F
221,246,F1,246,F
222,247,F1,247,F
223,248,F1,248,F
224,249,F1,249,F
225,250,F1,250,F
226,251,F1,251,F
227,252,F1,252,F
228,253,F1,253,F
229,254,F1,254,F
230,255,F1,255,F
231,256,F1,256,F
232,257,F1,257,F
233,258,F1,258,F
234,259,F1,259,F
235,260,F1,260,F
236,261,F1,261,F
237,262,F1,262,F
238,263,F1,263,F
239,264,F1,264,F
240,265,F1,265,F
241,266,F1,266,F
242,267,F1,267,F
243,268,F1,268,F
244,269,F1,269,F
245,270,F1,270,F
246,271,F1,271,F
247,272,F1,272,F
248,273,F1,273,F
249,274,F1,274,F
250,275,F1,275,F
251,276,F1,276,F
252,277,F1,277,F
253,278,F1,278,F
254,279,F1,279,F
255,280,F1,280,F
256,281,F1,281,F
257,282,F1,282,F
258,283,F1,283,F
259,284,F1,284,F
260,285,F1,285,F
261,286,F1,286,F
262,287,F1,287,F
263,288,F1,288,F
264,289,F1,289,F
265,290,F1,290,F
266,291,F1,291,F
267,292,F1,292,F
268,293,F1,293,F
269,294,F1,294,F
270,295,F1,295,F
271,296,F1,296,F
272,297,F1,297,F
273,298,F1,298,F
274,299,F1,299,F
275,300,F1,300,F
276,301,F1,301,F
277,302,F1,302,F
278,303,F1,303,F
279,304,F1,304,F
280,305,F1,305,F
281,306,F1,306,F
282,307,F1,307,F
283,308,F1,308,F
284,309,F1,309,F
285,310,F1,310,F
286,311,F1,311,F
287,312,F1,312,F
288,313,F1,313,F
289,314,F1,314,F
290,315,F1,315,F
291,316,F1,316,F
292,317,F1,317,F
293,318,F1,318,F
294,319,F1,319,F
295,320,F1,320,F
296,321,F1,321,F
297,322,F1,322,F
298,323,F1,323,F
299,324,F1,324,F
300,325,F1,325,F
301,326,F1,326,F
302,327,F1,327,F
303,328,F1,328,F
304,329,F1,329,F
305,330,F1,330,F
306,331,F1,331,F
307,332,F1,332,F
308,333,F1,333,F
309,334,F1,334,F
310,335,F1,335,F
311,336,F1,336,F
312,337,F1,337,F
313,338,F1,338,F
314,339,F1,339,F
315,340,F1,340,F
316,341,F1,341,F
317,342,F1,342,F
318,343,F1,343,F
319,344,F1,344,F
320,345,F1,345,F
321,346,F1,346,F
322,347,F1,347,F
323,348,F1,348,F
324,349,F1,349,F
325,350,F1,350,F
326,351,F1,351,F
327,352,F1,352,F
328,353,F1,353,F
329,354,F1,354,F
330,355,F1,355,F
331,356,F1,356,F
332,357,F1,357,F
333,358,F1,358,F
334,359,F1,359,F
335,360,F1,360,F
336,361,F1,361,F
337,362,F1,362,F
338,363,F1,363,F
339,364,F1,364,F
340,365,F1,365,F
341,366,F1,366,F
342,367,F1,367,F
343,368,F1,368,F
344,369,F1,369,F
345,370,F1,370,F
346,371,F1,371,F
347,372,F1,372,F
348,373,F1,373,F
349,374,F1,374,F
350,375,F1,375,F
351,376,F1,376,F
352,377,F1,377,F
353,378,F1,378,F
354,379,F1,379,F
355,380,F1,380,F
356,381,F1,381,F
357,382,F1,382,F
358,383,F1,383,F
359,384,F1,384,F
360,385,F1,385,F
361,386,F1,386,F
362,387,F1,387,F
363,388,F1,388,F
364,389,F1,389,F
365,390,F1,390,F
366,391,F1,391,F
367,392,F1,392,F
368,393,F1,393,F
369,394,F1,394,F
370,395,F1,395,F
371,396,F1,396,F
372,397,F1,397,F
373,398,F1,398,F
374,399,F1,399,F
375,400,F1,400,F
376,401,F1,401,F
377,402,F1,402,F
378,403,F1,403,F
379,404,F1,404,F
380,405,F1,405,F
381,406,F1,406,F
382,407,F1,407,F
383,408,F1,408,F
384,409,F1,409,F
385,410,F1,410,F
386,411,F1,411,F
387,412,F1,412,F
388,413,F1,413,F
389,414,F1,414,F
390,415,F1,415,F
391,416,F1,416,F
392,417,F1,417,F
393,418,F1,418,F
394,419,F1,419,F
395,420,F1,420,F
396,421,F1,421,F
397,422,F1,422,F
398,423,F1,423,F
399,424,F1,424,F
400,425,F1,425,F
401,426,F1,426,F
402,427,F1,427,F
403,428,F1,428,F
404,429,F1,429,F
405,430,F1,430,F
406,431,F1,431,F
407,432,F1,432,F
408,433,F1,433,F
409,434,F1,434,F
410,435,F1,435,F
411,436,F1,436,F
412,437,F1,437,F
413,438,F1,438,F
414,439,F1,439,F
415,440,F1,440,F
416,441,F1,441,F
417,442,F1,442,F
418,443,F1,443,F
419,444,F1,444,F
420,445,F1,445,F
421,446,F1,446,F
422,447,F1,447,F
423,448,F1,448,F
424,449,F1,449,F
425,450,F1,450,F
426,451,F1,451,F
427,452,F1,452,F
428,453,F1,453,F
429,454,F1,454,F
430,455,F1,455,F
431,456,F1,456,F
432,457,F1,457,F
433,458,F1,458,F
434,459,F1,459,F
435,460,F1,460,F
436,461,F1,461,F
437,462,F1,462,F
438,463,F1,463,F
439,464,F1,464,F
440,465,F1,465,F
441,466,F1,466,F
442,467,F1,467,F
443,468,F1,468,F
444,469,F1,469,F
445,470,F1,470,F
446,471,F1,471,F
447,472,F1,472,F
448,473,F1,473,F
449,474,F1,474,F
450,475,F1,475,F
451,476,F1,476,F
452,477,F1,477,F
453,478,F1,478,F
454,479,F1,479,F
455,480,F1,480,F
456,481,F1,481,F
457,482,F1,482,F
458,483,F1,483,F
459,484,F1,484,F
460,485,F1,485,F
461,486,F1,486,F
462,487,F1,487,F
463,488,F1,488,F
464,489,F1,489,F
465,490,F1,490,F
466,491,F1,491,F
467,492,F1,492,F
468,493,F1,493,F
469,494,F1,494,F
470,495,F1,495,F
471,496,F1,496,F
472,497,F1,497,F
473,498,F1,498,F
474,499,F1,499,F
475,500,F1,500,F
476,501,F1,501,F
477,502,F1,502,F
478,503,F1,503,F
479,504,F1,504,F
480,505,F1,505,F
481,506,F1,506,F
482,507,F1,507,F
483,508,F1,508,F
484,509,F1,509,F
485,510,F1,510,F
486,511,F1,511,F
487,512,F1,512,F
488,513,F1,513,F
489,514,F1,514,F
490,515,F1,515,F
491,516,F1,516,F
492,517,F1,517,F
493,518,F1,518,F
494,519,F1,519,F
495,520,F1,520,F
496,521,F1,521,F
497,522,F1,522,F
498,523,F1,523,F
499,524,F1,524,F
500,525,F1,525,F
501,526,F1,526,F
502,527,F1,527,F
503,528,F1,528,F
504,529,F1,529,F
