sequential_site,reference_site,region,protein_site,chains
1,26,F2,26,A C E B D F
2,27,F2,27,A C E B D F
3,28,F2,28,A C E B D F
4,29,F2,29,A C E B D F
5,30,F2,30,A C E B D F
6,31,F2,31,A C E B D F
7,32,F2,32,A C E B D F
8,33,F2,33,A C E B D F
9,34,F2,34,A C E B D F
10,35,F2,35,A C E B D F
11,36,F2,36,A C E B D F
12,37,F2,37,A C E B D F
13,38,F2,38,A C E B D F
14,39,F2,39,A C E B D F
15,40,F2,40,A C E B D F
16,41,F2,41,A C E B D F
17,42,F2,42,A C E B D F
18,43,F2,43,A C E B D F
19,44,F2,44,A C E B D F
20,45,F2,45,A C E B D F
21,46,F2,46,A C E B D F
22,47,F2,47,A C E B D F
23,48,F2,48,A C E B D F
24,49,F2,49,A C E B D F
25,50,F2,50,A C E B D F
26,51,F2,51,A C E B D F
27,52,F2,52,A C E B D F
28,53,F2,53,A C E B D F
29,54,F2,54,A C E B D F
30,55,F2,55,A C E B D F
31,56,F2,56,A C E B D F
32,57,F2,57,A C E B D F
33,58,F2,58,A C E B D F
34,59,F2,59,A C E B D F
35,60,F2,60,A C E B D F
36,61,F2,61,A C E B D F
37,62,F2,62,A C E B D F
38,63,F2,63,A C E B D F
39,64,F2,64,A C E B D F
40,65,F2,65,A C E B D F
41,66,F2,66,A C E B D F
42,67,F2,67,A C E B D F
43,68,F2,68,A C E B D F
44,69,F2,69,A C E B D F
45,70,F2,70,A C E B D F
46,71,F2,71,A C E B D F
47,72,F2,72,A C E B D F
48,73,F2,73,A C E B D F
49,74,F2,74,A C E B D F
50,75,F2,75,A C E B D F
51,76,F2,76,A C E B D F
52,77,F2,77,A C E B D F
53,78,F2,78,A C E B D F
54,79,F2,79,A C E B D F
55,80,F2,80,A C E B D F
56,81,F2,81,A C E B D F
57,82,F2,82,A C E B D F
58,83,F2,83,A C E B D F
59,84,F2,84,A C E B D F
60,85,F2,85,A C E B D F
61,86,F2,86,A C E B D F
62,87,F2,87,A C E B D F
63,88,F2,88,A C E B D F
64,89,F2,89,A C E B D F
65,90,F2,90,A C E B D F
66,91,F2,91,A C E B D F
67,92,F2,92,A C E B D F
68,93,F2,93,A C E B D F
69,94,F2,94,A C E B D F
70,95,F2,95,A C E B D F
71,96,F2,96,A C E B D F
72,97,F2,97,A C E B D F
73,98,F2,98,A C E B D F
74,99,F2,99,A C E B D F
75,100,F2,100,A C E B D F
76,101,F2,101,A C E B D F
77,102,F2,102,A C E B D F
78,103,F2,103,A C E B D F
79,104,F2,104,A C E B D F
80,105,F2,105,A C E B D F
81,106,F2,106,A C E B D F
82,107,F2,107,A C E B D F
83,108,F2,108,A C E B D F
84,109,F2,109,A C E B D F
85,110,p27,110,A C E B D F
86,111,p27,111,A C E B D F
87,112,p27,112,A C E B D F
88,113,p27,113,A C E B D F
89,114,p27,114,A C E B D F
90,115,p27,115,A C E B D F
91,116,p27,116,A C E B D F
92,117,p27,117,A C E B D F
93,118,p27,118,A C E B D F
94,119,p27,119,A C E B D F
95,120,p27,120,A C E B D F
96,121,p27,121,A C E B D F
97,122,p27,122,A C E B D F
98,123,p27,123,A C E B D F
99,124,p27,124,A C E B D F
100,125,p27,125,A C E B D F
101,126,p27,126,A C E B D F
102,127,p27,127,A C E B D F
103,128,p27,128,A C E B D F
104,129,p27,129,A C E B D F
105,130,p27,130,A C E B D F
106,131,p27,131,A C E B D F
107,132,p27,132,A C E B D F
108,133,p27,133,A C E B D F
109,134,p27,134,A C E B D F
110,135,p27,135,A C E B D F
111,136,p27,136,A C E B D F
112,137,F1,137,A C E B D F
113,138,F1,138,A C E B D F
114,139,F1,139,A C E B D F
115,140,F1,140,A C E B D F
116,141,F1,141,A C E B D F
117,142,F1,142,A C E B D F
118,143,F1,143,A C E B D F
119,144,F1,144,A C E B D F
120,145,F1,145,A C E B D F
121,146,F1,146,A C E B D F
122,147,F1,147,A C E B D F
123,148,F1,148,A C E B D F
124,149,F1,149,A C E B D F
125,150,F1,150,A C E B D F
126,151,F1,151,A C E B D F
127,152,F1,152,A C E B D F
128,153,F1,153,A C E B D F
129,154,F1,154,A C E B D F
130,155,F1,155,A C E B D F
131,156,F1,156,A C E B D F
132,157,F1,157,A C E B D F
133,158,F1,158,A C E B D F
134,159,F1,159,A C E B D F
135,160,F1,160,A C E B D F
136,161,F1,161,A C E B D F
137,162,F1,162,A C E B D F
138,163,F1,163,A C E B D F
139,164,F1,164,A C E B D F
140,165,F1,165,A C E B D F
141,166,F1,166,A C E B D F
142,167,F1,167,A C E B D F
143,168,F1,168,A C E B D F
144,169,F1,169,A C E B D F
145,170,F1,170,A C E B D F
146,171,F1,171,A C E B D F
147,172,F1,172,A C E B D F
148,173,F1,173,A C E B D F
149,174,F1,174,A C E B D F
150,175,F1,175,A C E B D F
151,176,F1,176,A C E B D F
152,177,F1,177,A C E B D F
153,178,F1,178,A C E B D F
154,179,F1,179,A C E B D F
155,180,F1,180,A C E B D F
156,181,F1,181,A C E B D F
157,182,F1,182,A C E B D F
158,183,F1,183,A C E B D F
159,184,F1,184,A C E B D F
160,185,F1,185,A C E B D F
161,186,F1,186,A C E B D F
162,187,F1,187,A C E B D F
163,188,F1,188,A C E B D F
164,189,F1,189,A C E B D F
165,190,F1,190,A C E B D F
166,191,F1,191,A C E B D F
167,192,F1,192,A C E B D F
168,193,F1,193,A C E B D F
169,194,F1,194,A C E B D F
170,195,F1,195,A C E B D F
171,196,F1,196,A C E B D F
172,197,F1,197,A C E B D F
173,198,F1,198,A C E B D F
174,199,F1,199,A C E B D F
175,200,F1,200,A C E B D F
176,201,F1,201,A C E B D F
177,202,F1,202,A C E B D F
178,203,F1,203,A C E B D F
179,204,F1,204,A C E B D F
180,205,F1,205,A C E B D F
181,206,F1,206,A C E B D F
182,207,F1,207,A C E B D F
183,208,F1,208,A C E B D F
184,209,F1,209,A C E B D F
185,210,F1,210,A C E B D F
186,211,F1,211,A C E B D F
187,212,F1,212,A C E B D F
188,213,F1,213,A C E B D F
189,214,F1,214,A C E B D F
190,215,F1,215,A C E B D F
191,216,F1,216,A C E B D F
192,217,F1,217,A C E B D F
193,218,F1,218,A C E B D F
194,219,F1,219,A C E B D F
195,220,F1,220,A C E B D F
196,221,F1,221,A C E B D F
197,222,F1,222,A C E B D F
198,223,F1,223,A C E B D F
199,224,F1,224,A C E B D F
200,225,F1,225,A C E B D F
201,226,F1,226,A C E B D F
202,227,F1,227,A C E B D F
203,228,F1,228,A C E B D F
204,229,F1,229,A C E B D F
205,230,F1,230,A C E B D F
206,231,F1,231,A C E B D F
207,232,F1,232,A C E B D F
208,233,F1,233,A C E B D F
209,234,F1,234,A C E B D F
210,235,F1,235,A C E B D F
211,236,F1,236,A C E B D F
212,237,F1,237,A C E B D F
213,238,F1,238,A C E B D F
214,239,F1,239,A C E B D F
215,240,F1,240,A C E B D F
216,241,F1,241,A C E B D F
217,242,F1,242,A C E B D F
218,243,F1,243,A C E B D F
219,244,F1,244,A C E B D F
220,245,F1,245,A C E B D F
221,246,F1,246,A C E B D F
222,247,F1,247,A C E B D F
223,248,F1,248,A C E B D F
224,249,F1,249,A C E B D F
225,250,F1,250,A C E B D F
226,251,F1,251,A C E B D F
227,252,F1,252,A C E B D F
228,253,F1,253,A C E B D F
229,254,F1,254,A C E B D F
230,255,F1,255,A C E B D F
231,256,F1,256,A C E B D F
232,257,F1,257,A C E B D F
233,258,F1,258,A C E B D F
234,259,F1,259,A C E B D F
235,260,F1,260,A C E B D F
236,261,F1,261,A C E B D F
237,262,F1,262,A C E B D F
238,263,F1,263,A C E B D F
239,264,F1,264,A C E B D F
240,265,F1,265,A C E B D F
241,266,F1,266,A C E B D F
242,267,F1,267,A C E B D F
243,268,F1,268,A C E B D F
244,269,F1,269,A C E B D F
245,270,F1,270,A C E B D F
246,271,F1,271,A C E B D F
247,272,F1,272,A C E B D F
248,273,F1,273,A C E B D F
249,274,F1,274,A C E B D F
250,275,F1,275,A C E B D F
251,276,F1,276,A C E B D F
252,277,F1,277,A C E B D F
253,278,F1,278,A C E B D F
254,279,F1,279,A C E B D F
255,280,F1,280,A C E B D F
256,281,F1,281,A C E B D F
257,282,F1,282,A C E B D F
258,283,F1,283,A C E B D F
259,284,F1,284,A C E B D F
260,285,F1,285,A C E B D F
261,286,F1,286,A C E B D F
262,287,F1,287,A C E B D F
263,288,F1,288,A C E B D F
264,289,F1,289,A C E B D F
265,290,F1,290,A C E B D F
266,291,F1,291,A C E B D F
267,292,F1,292,A C E B D F
268,293,F1,293,A C E B D F
269,294,F1,294,A C E B D F
270,295,F1,295,A C E B D F
271,296,F1,296,A C E B D F
272,297,F1,297,A C E B D F
273,298,F1,298,A C E B D F
274,299,F1,299,A C E B D F
275,300,F1,300,A C E B D F
276,301,F1,301,A C E B D F
277,302,F1,302,A C E B D F
278,303,F1,303,A C E B D F
279,304,F1,304,A C E B D F
280,305,F1,305,A C E B D F
281,306,F1,306,A C E B D F
282,307,F1,307,A C E B D F
283,308,F1,308,A C E B D F
284,309,F1,309,A C E B D F
285,310,F1,310,A C E B D F
286,311,F1,311,A C E B D F
287,312,F1,312,A C E B D F
288,313,F1,313,A C E B D F
289,314,F1,314,A C E B D F
290,315,F1,315,A C E B D F
291,316,F1,316,A C E B D F
292,317,F1,317,A C E B D F
293,318,F1,318,A C E B D F
294,319,F1,319,A C E B D F
295,320,F1,320,A C E B D F
296,321,F1,321,A C E B D F
297,322,F1,322,A C E B D F
298,323,F1,323,A C E B D F
299,324,F1,324,A C E B D F
300,325,F1,325,A C E B D F
301,326,F1,326,A C E B D F
302,327,F1,327,A C E B D F
303,328,F1,328,A C E B D F
304,329,F1,329,A C E B D F
305,330,F1,330,A C E B D F
306,331,F1,331,A C E B D F
307,332,F1,332,A C E B D F
308,333,F1,333,A C E B D F
309,334,F1,334,A C E B D F
310,335,F1,335,A C E B D F
311,336,F1,336,A C E B D F
312,337,F1,337,A C E B D F
313,338,F1,338,A C E B D F
314,339,F1,339,A C E B D F
315,340,F1,340,A C E B D F
316,341,F1,341,A C E B D F
317,342,F1,342,A C E B D F
318,343,F1,343,A C E B D F
319,344,F1,344,A C E B D F
320,345,F1,345,A C E B D F
321,346,F1,346,A C E B D F
322,347,F1,347,A C E B D F
323,348,F1,348,A C E B D F
324,349,F1,349,A C E B D F
325,350,F1,350,A C E B D F
326,351,F1,351,A C E B D F
327,352,F1,352,A C E B D F
328,353,F1,353,A C E B D F
329,354,F1,354,A C E B D F
330,355,F1,355,A C E B D F
331,356,F1,356,A C E B D F
332,357,F1,357,A C E B D F
333,358,F1,358,A C E B D F
334,359,F1,359,A C E B D F
335,360,F1,360,A C E B D F
336,361,F1,361,A C E B D F
337,362,F1,362,A C E B D F
338,363,F1,363,A C E B D F
339,364,F1,364,A C E B D F
340,365,F1,365,A C E B D F
341,366,F1,366,A C E B D F
342,367,F1,367,A C E B D F
343,368,F1,368,A C E B D F
344,369,F1,369,A C E B D F
345,370,F1,370,A C E B D F
346,371,F1,371,A C E B D F
347,372,F1,372,A C E B D F
348,373,F1,373,A C E B D F
349,374,F1,374,A C E B D F
350,375,F1,375,A C E B D F
351,376,F1,376,A C E B D F
352,377,F1,377,A C E B D F
353,378,F1,378,A C E B D F
354,379,F1,379,A C E B D F
355,380,F1,380,A C E B D F
356,381,F1,381,A C E B D F
357,382,F1,382,A C E B D F
358,383,F1,383,A C E B D F
359,384,F1,384,A C E B D F
360,385,F1,385,A C E B D F
361,386,F1,386,A C E B D F
362,387,F1,387,A C E B D F
363,388,F1,388,A C E B D F
364,389,F1,389,A C E B D F
365,390,F1,390,A C E B D F
366,391,F1,391,A C E B D F
367,392,F1,392,A C E B D F
368,393,F1,393,A C E B D F
369,394,F1,394,A C E B D F
370,395,F1,395,A C E B D F
371,396,F1,396,A C E B D F
372,397,F1,397,A C E B D F
373,398,F1,398,A C E B D F
374,399,F1,399,A C E B D F
375,400,F1,400,A C E B D F
376,401,F1,401,A C E B D F
377,402,F1,402,A C E B D F
378,403,F1,403,A C E B D F
379,404,F1,404,A C E B D F
380,405,F1,405,A C E B D F
381,406,F1,406,A C E B D F
382,407,F1,407,A C E B D F
383,408,F1,408,A C E B D F
384,409,F1,409,A C E B D F
385,410,F1,410,A C E B D F
386,411,F1,411,A C E B D F
387,412,F1,412,A C E B D F
388,413,F1,413,A C E B D F
389,414,F1,414,A C E B D F
390,415,F1,415,A C E B D F
391,416,F1,416,A C E B D F
392,417,F1,417,A C E B D F
393,418,F1,418,A C E B D F
394,419,F1,419,A C E B D F
395,420,F1,420,A C E B D F
396,421,F1,421,A C E B D F
397,422,F1,422,A C E B D F
398,423,F1,423,A C E B D F
399,424,F1,424,A C E B D F
400,425,F1,425,A C E B D F
401,426,F1,426,A C E B D F
402,427,F1,427,A C E B D F
403,428,F1,428,A C E B D F
404,429,F1,429,A C E B D F
405,430,F1,430,A C E B D F
406,431,F1,431,A C E B D F
407,432,F1,432,A C E B D F
408,433,F1,433,A C E B D F
409,434,F1,434,A C E B D F
410,435,F1,435,A C E B D F
411,436,F1,436,A C E B D F
412,437,F1,437,A C E B D F
413,438,F1,438,A C E B D F
414,439,F1,439,A C E B D F
415,440,F1,440,A C E B D F
416,441,F1,441,A C E B D F
417,442,F1,442,A C E B D F
418,443,F1,443,A C E B D F
419,444,F1,444,A C E B D F
420,445,F1,445,A C E B D F
421,446,F1,446,A C E B D F
422,447,F1,447,A C E B D F
423,448,F1,448,A C E B D F
424,449,F1,449,A C E B D F
425,450,F1,450,A C E B D F
426,451,F1,451,A C E B D F
427,452,F1,452,A C E B D F
428,453,F1,453,A C E B D F
429,454,F1,454,A C E B D F
430,455,F1,455,A C E B D F
431,456,F1,456,A C E B D F
432,457,F1,457,A C E B D F
433,458,F1,458,A C E B D F
434,459,F1,459,A C E B D F
435,460,F1,460,A C E B D F
436,461,F1,461,A C E B D F
437,462,F1,462,A C E B D F
438,463,F1,463,A C E B D F
439,464,F1,464,A C E B D F
440,465,F1,465,A C E B D F
441,466,F1,466,A C E B D F
442,467,F1,467,A C E B D F
443,468,F1,468,A C E B D F
444,469,F1,469,A C E B D F
445,470,F1,470,A C E B D F
446,471,F1,471,A C E B D F
447,472,F1,472,A C E B D F
448,473,F1,473,A C E B D F
449,474,F1,474,A C E B D F
450,475,F1,475,A C E B D F
451,476,F1,476,A C E B D F
452,477,F1,477,A C E B D F
453,478,F1,478,A C E B D F
454,479,F1,479,A C E B D F
455,480,F1,480,A C E B D F
456,481,F1,481,A C E B D F
457,482,F1,482,A C E B D F
458,483,F1,483,A C E B D F
459,484,F1,484,A C E B D F
460,485,F1,485,A C E B D F
461,486,F1,486,A C E B D F
462,487,F1,487,A C E B D F
463,488,F1,488,A C E B D F
464,489,F1,489,A C E B D F
465,490,F1,490,A C E B D F
466,491,F1,491,A C E B D F
467,492,F1,492,A C E B D F
468,493,F1,493,A C E B D F
469,494,F1,494,A C E B D F
470,495,F1,495,A C E B D F
471,496,F1,496,A C E B D F
472,497,F1,497,A C E B D F
473,498,F1,498,A C E B D F
474,499,F1,499,A C E B D F
475,500,F1,500,A C E B D F
476,501,F1,501,A C E B D F
477,502,F1,502,A C E B D F
478,503,F1,503,A C E B D F
479,504,F1,504,A C E B D F
480,505,F1,505,A C E B D F
481,506,F1,506,A C E B D F
482,507,F1,507,A C E B D F
483,508,F1,508,A C E B D F
484,509,F1,509,A C E B D F
485,510,F1,510,A C E B D F
486,511,F1,511,A C E B D F
487,512,F1,512,A C E B D F
488,513,F1,513,A C E B D F
489,514,F1,514,A C E B D F
490,515,F1,515,A C E B D F
491,516,F1,516,A C E B D F
492,517,F1,517,A C E B D F
493,518,F1,518,A C E B D F
494,519,F1,519,A C E B D F
495,520,F1,520,A C E B D F
496,521,F1,521,A C E B D F
497,522,F1,522,A C E B D F
498,523,F1,523,A C E B D F
499,524,F1,524,A C E B D F
500,525,F1,525,A C E B D F
501,526,F1,526,A C E B D F
502,527,F1,527,A C E B D F
503,528,F1,528,A C E B D F
504,529,F1,529,A C E B D F