site,wildtype,mutant,mutation_type,mutation_count,cell entry,sequential_site,region
2,E,D,E→D,219,,,
3,L,S,L→S,21,,,
3,L,F,L→F,4,,,
4,P,L,P→L,34,,,
4,P,S,P→S,5,,,
5,I,T,I→T,18,,,
5,I,V,I→V,3,,,
6,L,I,L→I,77,,,
6,L,F,L→F,55,,,
6,L,H,L→H,17,,,
6,L,S,L→S,4,,,
7,K,R,K→R,20,,,
7,K,N,K→N,13,,,
8,A,T,A→T,4902,,,
8,A,S,A→S,16,,,
8,A,I,A→I,14,,,
9,N,S,N→S,12,,,
9,N,I,N→I,4,,,
9,N,K,N→K,4,,,
10,A,T,A→T,16,,,
10,A,V,A→V,11,,,
11,I,V,I→V,7,,,
12,T,I,T→I,594,,,
12,T,V,T→V,4,,,
12,T,A,T→A,3,,,
13,T,A,T→A,216,,,
13,T,I,T→I,14,,,
13,T,S,T→S,3,,,
13,T,P,T→P,3,,,
14,I,V,I→V,8,,,
14,I,F,I→F,7,,,
15,L,F,L→F,218,,,
16,A,I,A→I,75,,,
16,A,T,A→T,16,,,
16,A,V,A→V,4,,,
17,A,T,A→T,26,,,
17,A,V,A→V,9,,,
18,V,A,V→A,19,,,
18,V,I,V→I,14,,,
18,V,F,V→F,7,,,
19,T,S,T→S,151,,,
19,T,I,T→I,19,,,
19,T,L,T→L,16,,,
19,T,A,T→A,8,,,
20,F,L,F→L,4829,,,
20,F,I,F→I,4,,,
22,F,L,F→L,37,,,
22,F,I,F→I,8,,,
22,F,S,F→S,6,,,
23,A,T,A→T,197,,,
23,A,V,A→V,18,,,
23,A,S,A→S,5,,,
24,S,F,S→F,12,,,
24,S,T,S→T,4,,,
25,S,N,S→N,5,,,
25,S,C,S→C,3,,,
33,Y,F,Y→F,5,0.2407,8.0,region_I
35,S,A,S→A,13,0.1347,10.0,region_I
40,V,I,V→I,3,-0.4437,15.0,region_I
42,K,R,K→R,4,0.4145,17.0,region_I
42,K,T,K→T,3,0.2419,17.0,region_I
45,L,F,L→F,3,0.4536,20.0,region_I
55,S,G,S→G,3,-0.1714,30.0,region_V
57,I,V,I→V,10,0.2318,32.0,region_V
63,N,S,N→S,15,0.1951,38.0,region_0
65,K,R,K→R,12,-0.4207,40.0,region_0
68,K,N,K→N,3,0.2828,43.0,region_0
68,K,E,K→E,3,-0.09711,43.0,region_0
74,A,T,A→T,13,0.5253,49.0,region_0
80,N,K,N→K,5045,-1.005,55.0,region_0
88,N,T,N→T,7,1.153,63.0,region_0
91,T,R,T→R,3,0.07483,66.0,region_0
94,Q,E,Q→E,19,0.9339,69.0,region_0
99,S,N,S→N,5,-3.351,74.0,none
100,T,S,T→S,7,0.5721,75.0,none
100,T,A,T→A,4,0.04966,75.0,none
100,T,I,T→I,3,-0.608,75.0,none
101,T,P,T→P,5036,-2.73,76.0,none
101,T,Q,T→Q,6,-0.1168,76.0,none
101,T,S,T→S,3,-1.182,76.0,none
102,A,V,A→V,9,-1.188,77.0,none
103,A,T,A→T,201,0.292,78.0,none
103,A,S,A→S,72,0.02885,78.0,none
103,A,V,A→V,6,-0.8067,78.0,none
104,N,S,N→S,16,-0.9786,79.0,none
105,N,S,N→S,4209,-0.5333,80.0,none
107,A,T,A→T,42,-0.9845,82.0,none
111,L,I,L→I,22,-0.453,86.0,none
112,P,S,P→S,5,0.2462,87.0,none
113,R,K,R→K,10,0.1407,88.0,none
114,F,V,F→V,18,-0.1503,89.0,none
114,F,S,F→S,18,0.4284,89.0,none
114,F,L,F→L,3,-0.1743,89.0,none
115,M,T,M→T,52,0.3607,90.0,none
115,M,I,M→I,11,-0.1227,90.0,none
115,M,R,M→R,8,-0.3098,90.0,none
115,M,V,M→V,5,-0.3231,90.0,none
116,N,D,N→D,35,-0.0326,91.0,none
117,Y,H,Y→H,35,-0.2758,92.0,none
118,T,I,T→I,3,-0.4178,93.0,none
119,L,H,L→H,9,0.1983,94.0,none
119,L,I,L→I,8,-0.02235,94.0,none
119,L,P,L→P,8,-0.3496,94.0,none
119,L,F,L→F,4,-0.1345,94.0,none
120,N,D,N→D,19,-0.1856,95.0,none
120,N,T,N→T,8,0.288,95.0,none
120,N,S,N→S,7,-0.2313,95.0,none
120,N,Y,N→Y,4,0.6935,95.0,none
121,N,Y,N→Y,14,0.1754,96.0,none
121,N,S,N→S,7,0.5973,96.0,none
122,T,A,T→A,826,0.3611,97.0,none
122,T,V,T→V,6,-0.1791,97.0,none
122,T,N,T→N,6,-0.5847,97.0,none
122,T,I,T→I,4,-0.2651,97.0,none
123,K,Q,K→Q,48,0.1222,98.0,none
123,K,R,K→R,13,0.2164,98.0,none
123,K,E,K→E,12,0.1679,98.0,none
124,K,N,K→N,4859,0.159,99.0,none
124,K,T,K→T,99,-0.2142,99.0,none
124,K,Y,K→Y,4,-0.1012,99.0,none
124,K,S,K→S,3,0.302,99.0,none
125,T,N,T→N,268,-0.3166,100.0,none
125,T,A,T→A,10,-0.6835,100.0,none
125,T,I,T→I,5,-0.5566,100.0,none
125,T,S,T→S,4,0.5531,100.0,none
126,N,T,N→T,3,-0.02184,101.0,none
126,N,Y,N→Y,3,0.0027,101.0,none
126,N,S,N→S,3,0.04751,101.0,none
127,V,I,V→I,88,-0.2724,102.0,none
127,V,A,V→A,25,-0.6178,102.0,none
128,T,K,T→K,8,-0.561,103.0,none
129,L,V,L→V,46,0.02253,104.0,none
130,S,G,S→G,8,0.1139,105.0,none
130,S,I,S→I,3,0.3307,105.0,none
131,K,R,K→R,38,-0.07055,106.0,none
132,K,I,K→I,4,-0.501,107.0,none
144,V,I,V→I,3,-0.646,119.0,none
152,I,V,I→V,17,-0.7606,127.0,region_V
165,N,S,N→S,5,-0.1049,140.0,region_V
165,N,D,N→D,3,-0.1533,140.0,region_V
167,I,L,I→L,3,-0.0813,142.0,region_V
169,S,N,S→N,13,-0.04107,144.0,region_V
171,L,P,L→P,6,-2.826,146.0,region_V
178,V,I,V→I,5,-0.3158,153.0,region_V
187,V,I,V→I,3,-0.7528,162.0,region_V
190,S,N,S→N,3,-0.03266,165.0,region_V
206,I,V,I→V,18,-0.512,181.0,region_0
206,I,T,I→T,4,-0.4252,181.0,region_0
213,R,S,R→S,5027,-1.091,188.0,region_0
228,N,S,N→S,5,0.7754,203.0,none
228,N,T,N→T,5,0.7464,203.0,none
239,V,I,V→I,5,-0.6269,214.0,none
240,N,K,N→K,3,-0.7133,215.0,none
247,V,I,V→I,3,0.1899,222.0,none
255,S,N,S→N,3,0.2756,230.0,region_II
276,N,S,N→S,3917,0.6924,251.0,region_II
312,P,L,P→L,4,-0.6502,287.0,region_III
316,L,I,L→I,3,0.5203,291.0,region_I
324,T,I,T→I,3,-0.1039,299.0,none
325,N,K,N→K,5,-0.8928,300.0,none
325,N,S,N→S,4,0.0098,300.0,none
326,T,I,T→I,6,0.1106,301.0,none
326,T,S,T→S,4,-0.2248,301.0,none
327,K,R,K→R,4,0.3018,302.0,none
328,E,D,E→D,9,-0.7704,303.0,none
355,A,S,A→S,3,0.03875,330.0,none
356,E,D,E→D,95,-0.004415,331.0,none
356,E,V,E→V,4,-0.499,331.0,none
362,S,L,S→L,19,0.2788,337.0,none
362,S,T,S→T,3,0.1838,337.0,none
376,P,S,P→S,3,-0.2005,351.0,region_III
377,S,N,S→N,101,-0.2623,352.0,region_III
377,S,G,S→G,4,-0.7402,352.0,region_III
380,N,S,N→S,5,0.1061,355.0,region_I
384,V,I,V→I,4917,-0.2802,359.0,region_I
384,V,T,V→T,76,-0.9102,359.0,region_I
385,D,N,D→N,3,-1.214,360.0,region_I
389,P,S,P→S,6,-1.034,364.0,region_I
395,I,V,I→V,3,-0.8082,370.0,none
406,V,I,V→I,6,0.2728,381.0,none
462,Q,H,Q→H,4,0.01915,437.0,region_IV
462,Q,R,Q→R,3,-1.461,437.0,region_IV
466,S,N,S→N,38,0.2508,441.0,region_IV
467,L,I,L→I,4,,442.0,region_IV
469,V,I,V→I,3,-0.1612,444.0,region_IV
470,K,R,K→R,3,-0.04805,445.0,region_IV
485,S,F,S→F,3,,460.0,none
485,S,Y,S→Y,3,,460.0,none
493,S,Y,S→Y,5,-0.3161,468.0,none
495,V,I,V→I,6,0.00685,470.0,none
504,A,S,A→S,3,0.1434,479.0,none
504,A,E,A→E,3,-0.4616,479.0,none
507,R,H,R→H,4,0.1065,482.0,none
508,K,Q,K→Q,3,-0.9624,483.0,none
510,D,N,D→N,3,-1.124,485.0,none
514,H,N,H→N,30,0.3602,489.0,none
515,H,N,H→N,5044,-0.7768,490.0,none
516,V,I,V→I,4,1.399,491.0,none
517,N,K,N→K,3,-0.891,492.0,none
518,A,V,A→V,390,-0.7878,493.0,none
518,A,T,A→T,9,-0.8886,493.0,none
519,G,V,G→V,8,0.9563,494.0,none
522,T,A,T→A,4,-0.04708,497.0,none
524,N,S,N→S,8,-1.062,499.0,none
526,M,I,M→I,3,0.3497,501.0,none
527,I,M,I→M,11,-0.2203,502.0,none
529,T,I,T→I,9,-0.0145,504.0,none
535,I,V,I→V,58,,,
536,V,I,V→I,6,,,
540,S,A,S→A,4098,,,
540,S,L,S→L,345,,,
540,S,T,S→T,3,,,
542,I,V,I→V,3,,,
543,A,V,A→V,26,,,
543,A,T,A→T,8,,,
547,L,F,L→F,345,,,
551,K,R,K→R,5,,,
552,A,T,A→T,5,,,
552,A,V,A→V,4,,,
553,R,K,R→K,5,,,
554,S,N,S→N,15,,,
555,T,A,T→A,12,,,
557,V,I,V→I,7,,,
558,T,S,T→S,6,,,
560,S,G,S→G,7,,,
560,S,N,S→N,3,,,
562,D,N,D→N,5,,,
562,D,E,D→E,4,,,
563,Q,P,Q→P,3,,,
567,I,V,I→V,13,,,
568,N,I,N→I,13,,,
569,N,D,N→D,13,,,
573,S,N,S→N,3,,,
574,N,S,N→S,215,,,
